profile,strength,hours,misassign_p,fire_rate,tcorr,z_fire,z_tcorr,alarm
q0,1.0,0.0,0.016966317421419817,0.04455277777777778,0.015850313657407408,-15.566029787376454,-9.597157922133675,False
q0,1.0,4.0,0.019198982485450405,0.049286111111111114,0.017482143518518515,-2.098618848563792,-1.9646263456071964,False
q0,1.0,8.0,0.019485043841348644,0.05000277777777778,0.018112680555555555,-0.0595390233210371,0.9845744013859855,False
q0,1.0,12.0,0.02288229505048727,0.05708333333333333,0.02087257407407407,20.086253513670442,13.893379988262712,False
q0,1.0,16.0,0.024351091255544348,0.059511111111111105,0.021406967592592595,26.993834006934666,16.392890201666027,False
q0,1.0,20.0,0.026296602725710473,0.06364166666666667,0.02283290277777778,38.74620493769432,23.06239392039042,False
q0,1.0,24.0,0.02221162959957136,0.05551944444444445,0.020225025462962964,15.636633584943027,10.864611279326288,False
q0,1.0,28.0,0.027992387078836542,0.06668333333333333,0.02424047800925926,47.40043907971302,29.64602292280606,True
q0,1.0,32.0,0.025940367724112602,0.062252777777777775,0.022513387731481482,34.794499850014546,21.56793133078485,False
q0,1.0,36.0,0.0335,0.07731388888888889,0.02775312037037037,77.646789820814,46.07564857015755,True
q0,1.0,40.0,0.029001529001529,0.06873333333333333,0.025036649305555558,53.233155789128354,33.36994212794173,True
q0,1.0,44.0,0.03162016274807823,0.07338888888888889,0.026376927083333335,66.47927124303098,39.638801832004404,True
q0,1.0,48.0,0.03422210555263881,0.07875555555555555,0.02819707523148148,81.74865970182559,48.15215150513617,True
q0,1.0,52.0,0.03905472842042315,0.08808055555555555,0.031344027777777776,108.28040766050759,62.871342060383334,True
q0,1.0,56.0,0.04228482472757282,0.093,0.03304680902777778,122.27734708106935,70.83573342756483,True
q0,1.0,60.0,0.043062188992523315,0.0955111111111111,0.03361159722222223,129.42202987959436,73.47740817005999,True
q0,1.0,64.0,0.050499262624815654,0.10761944444444445,0.037195178240740735,163.87299483398664,90.23883405931274,True
q0,1.0,68.0,0.05029966454472516,0.10816666666666666,0.03764382175925926,165.42996663853245,92.3372671762095,True
q0,1.0,72.0,0.04580173282772525,0.09995,0.03522565162037037,142.05167933981892,81.02679885942325,True
q0,1.0,76.0,0.053010212040848166,0.1124,0.03883176388888889,177.47476374578042,97.89360980209487,True
q0,1.0,80.0,0.051767741477418326,0.11050277777777778,0.038013746527777774,172.07673459600986,94.06751034919219,True
q0,1.0,84.0,0.04953941566214297,0.10685833333333333,0.03708411921296296,161.70746044593812,89.71937945404215,True
q0,1.0,88.0,0.0499102176674112,0.10840000000000001,0.037702496527777775,166.0938530932627,92.61170572776169,True
q0,1.0,92.0,0.042072770629281095,0.09180277777777776,0.03272255555555555,118.87097729548934,69.31910787454952,True
q0,1.0,96.0,0.05234592274828346,0.11269166666666666,0.038884002314814814,178.30462181419313,98.13794375190761,True
q0,1.0,100.0,0.03920850494934576,0.08669722222222222,0.03103731481481482,104.34450939317853,61.436758449350016,True
q0,1.0,104.0,0.042324124994116044,0.093325,0.03339844560185185,123.20204607158644,72.48043752266851,True
q0,1.0,108.0,0.04724668898675595,0.10201388888888889,0.03583522106481482,147.92391310011106,83.87792822265237,True
q0,1.0,112.0,0.04964802148974067,0.10743333333333333,0.03742253935185185,163.34346635223753,91.302266529318,True
q0,1.0,116.0,0.04416861035899424,0.097425,0.03474647800925926,134.8674794904171,78.78556783123656,True
q0,1.0,120.0,0.049739523351867175,0.10703611111111111,0.03732159143518519,162.21327869716112,90.83010446150399,True
q0,1.0,124.0,0.047357768152379486,0.10408333333333333,0.036351416666666664,153.81195368075393,86.29232161297533,True
q0,1.0,128.0,0.04484156878295832,0.09848055555555556,0.03458837384259259,137.87077535705373,78.04606975412571,True
q0,1.0,132.0,0.05006987174053769,0.10712222222222222,0.03749563425925926,162.45828441259727,91.64415216468103,True
q0,1.0,136.0,0.04729208065853334,0.10185833333333333,0.035713087962962964,147.48132213029092,83.30667702873886,True
q0,1.0,140.0,0.050764298193695226,0.109825,0.037896369212962966,170.14830251322212,93.51850332153435,True
q0,1.0,144.0,0.0598034803480348,0.12628333333333333,0.042085460648148144,216.9760078022274,113.11207334864302,True
q0,1.0,148.0,0.0595018220436875,0.12411944444444445,0.04200762268518519,210.81925127562232,112.7480030957781,True
q0,1.0,152.0,0.06601151650287912,0.13555555555555554,0.04476340625,243.35759096757752,125.63758526226697,True
q0,1.0,156.0,0.07330469150025601,0.14778611111111112,0.047464688657407404,278.15630596968566,138.27225004135983,True
q0,1.0,160.0,0.09081298837159296,0.1771888888888889,0.052954577546296296,361.8139026758664,163.9500190874144,True
q0,1.0,164.0,0.08067831294933807,0.16081666666666666,0.05018671875,315.23120310229723,151.00395763483527,True
q0,1.0,168.0,0.08417039918985234,0.16662499999999997,0.05126307407407407,331.75723377897395,156.03837708893448,True
q1,1.0,0.0,0.019474381735890577,0.049838888888888884,0.017711680555555553,-13.843933451087642,-12.169266174834634,False
q1,1.0,4.0,0.023281349327565284,0.057749999999999996,0.020641454861111113,1.2925539831482145,-0.10226459972143045,False
q1,1.0,8.0,0.02297680169780382,0.05563055555555556,0.020308619212962963,-2.762621547863696,-1.4731307046093118,False
q1,1.0,12.0,0.022918300235233877,0.056788888888888896,0.02087232523148148,-0.5463591672189012,0.8486322381760922,False
q1,1.0,16.0,0.02256469071752254,0.05578888888888889,0.020044248842592594,-2.4596792080633363,-2.562005594945814,False
q1,1.0,20.0,0.024779152042857668,0.06002777777777778,0.021572143518518522,5.650671853960511,3.7310072921028725,False
q1,1.0,24.0,0.018220769424440557,0.04756944444444445,0.016996460648148148,-18.18610698822621,-15.115076619301929,False
q1,1.0,28.0,0.0225082234950429,0.05660277777777778,0.020315950231481483,-0.9024492859316222,-1.442936087965153,False
q1,1.0,32.0,0.021117106398435583,0.05274444444444445,0.01915531828703704,-8.28467577685634,-6.223286395215871,False
q1,1.0,36.0,0.02425,0.05905277777777778,0.02136777314814815,3.785184814137208,2.889257271806307,False
q1,1.0,40.0,0.0205005205005205,0.051583333333333335,0.018922041666666667,-10.506252935392363,-7.1840939700889805,False
q1,1.0,44.0,0.020570556483340524,0.05156666666666667,0.018515150462962964,-10.538141602739767,-8.859976234016896,False
q1,1.0,48.0,0.02572189304732618,0.06278333333333333,0.02292897222222222,10.922931522065129,9.319442576590292,False
q1,1.0,52.0,0.024791428695001512,0.060616666666666666,0.021728767361111113,6.777404766902225,4.376101404533724,False
q1,1.0,56.0,0.023524704440734977,0.05833888888888888,0.021262089120370368,2.4192868960899148,2.4539714113082662,False
q1,1.0,60.0,0.025834562776624742,0.06286666666666667,0.02280256018518519,11.082374858802174,8.798783272852614,False
q1,1.0,64.0,0.02574963143740786,0.06163055555555555,0.022193969907407407,8.717298697202807,6.292153384462456,False
q1,1.0,68.0,0.028059532372796646,0.06561944444444445,0.02353115625,16.349319749015574,11.799686736668892,False
q1,1.0,72.0,0.02454039264628234,0.06017222222222222,0.021762824074074077,5.927040304304697,4.516372417283062,False
q1,1.0,76.0,0.027259609038436154,0.06440277777777778,0.023559466435185184,14.021447032654855,11.91628925058048,False
q1,1.0,80.0,0.027269936357356805,0.06497777777777779,0.023392578703703704,15.121606056140408,11.228920768020107,False
q1,1.0,84.0,0.027070941665485168,0.06550833333333334,0.02365560879629629,16.136728633366182,12.31227539216241,False
q1,1.0,88.0,0.027079227433977136,0.06490833333333333,0.02343235532407407,14.988736608859526,11.392750637014364,False
q1,1.0,92.0,0.023361980667050766,0.05772777777777778,0.020749719907407406,1.250035760018352,0.3436518252092393,False
q1,1.0,96.0,0.03088908508150203,0.07211944444444444,0.026078702546296295,28.78590001450429,22.292387526551703,False
q1,1.0,100.0,0.02187528769448147,0.05421388888888889,0.01952007291666667,-5.473158272393297,-4.7209540544876925,False
q1,1.0,104.0,0.021974923859189827,0.05565,0.020035001157407407,-2.7254181026250626,-2.600094478271808,False
q1,1.0,108.0,0.025250601002404012,0.06112222222222222,0.022352895833333334,7.744694343106895,6.946729197636171,False
q1,1.0,112.0,0.028871588598676494,0.06870833333333334,0.024444535879629626,22.259352764068343,15.561667107824817,False
q1,1.0,116.0,0.026148237545257285,0.06243333333333334,0.02283903587962963,10.253269507769604,8.949017460339267,False
q1,1.0,120.0,0.02954273600139648,0.06865833333333334,0.025164869212962963,22.163686762026106,18.528538464248857,False
q1,1.0,124.0,0.0285737792113903,0.06775,0.024254771990740737,20.42575439159243,14.78007750149246,False
q1,1.0,128.0,0.02781869201079419,0.06688333333333334,0.02398687384259259,18.767543689527262,13.676672584074899,False
q1,1.0,132.0,0.030366140922136953,0.07036111111111111,0.025838942129629627,25.42164560935285,21.30487482972714,False
q1,1.0,136.0,0.030304204640575885,0.07060277777777778,0.02545823032407407,25.884031285890252,19.73681890521731,False
q1,1.0,140.0,0.029759882015193695,0.07124444444444444,0.025737560185185183,27.11174497876542,20.88730816563997,False
q1,1.0,144.0,0.033285828582858286,0.076525,0.027385619212962967,37.2151377500022,27.675247716602392,True
q1,1.0,148.0,0.037251213256578646,0.08349722222222221,0.03020416550925926,50.55523025700077,39.28412916949897,True
q1,1.0,152.0,0.03400875850218962,0.07765,0.0280918275462963,39.36762279595217,30.583941759871177,True
q1,1.0,156.0,0.037290386584741424,0.08448333333333333,0.030135331018518518,52.44197640838903,39.0006172598561,True
q1,1.0,160.0,0.04507670428121803,0.09970277777777777,0.03513335069444445,81.56164447446285,59.586199974360945,True
q1,1.0,164.0,0.04191721577429176,0.09309722222222222,0.03322939467592592,68.92310264910722,51.7442852470582,True
q1,1.0,168.0,0.04345137312823469,0.09615833333333335,0.03381908796296296,74.77998788524768,54.173083195765805,True
q2,1.0,0.0,0.0015153409517141355,0.014061111111111113,0.002673519675925926,3.7860314196670153,3.8335781425238262,False
q2,1.0,4.0,0.001000702743501624,0.012680555555555554,0.0023243368055555556,-0.8304004144215648,-0.8076068661423479,False
q2,1.0,8.0,0.000749626686660045,0.012225000000000001,0.00198496875,-2.3537300337183877,-5.318337676602758,False
q2,1.0,12.0,0.00125318045798595,0.013358333333333333,0.0024628622685185187,1.4360168240444573,1.0336126110339314,False
q2,1.0,16.0,0.0007435829690477335,0.012391666666666667,0.002021710648148148,-1.7964143193415012,-4.82998053956952,False
q2,1.0,20.0,0.0017473560878426171,0.013511111111111111,0.0028345069444444446,1.9468895622232727,5.973350051843881,False
q2,1.0,24.0,0.0009905894006934125,0.012833333333333334,0.0023303935185185185,-0.3195276762427436,-0.7271037034995711,False
q2,1.0,28.0,0.0012474009355131971,0.013422222222222223,0.0025119629629629632,1.6496545145556,1.6862374283078756,False
q2,1.0,32.0,0.0017447595298843072,0.013805555555555555,0.0028988807870370375,2.9314806576224446,6.828978831325757,False
q2,1.0,36.0,0.00125,0.0125,0.0023714166666666666,-1.434159104996522,-0.18184207599897872,False
q2,1.0,40.0,0.0017502517502517502,0.013675,0.0028241215277777783,2.4949166813605475,5.835311664992434,False
q2,1.0,44.0,0.0012578262310872599,0.012802777777777778,0.0024462106481481483,-0.421702223878509,0.8122866028279992,False
q2,1.0,48.0,0.0012487812195304884,0.01326388888888889,0.002487207175925926,1.1202045858975551,1.3571944040834591,False
q2,1.0,52.0,0.001501768396662859,0.013194444444444444,0.0026443298611111108,0.8879897049071828,3.4455999728599864,False
q2,1.0,56.0,0.0012547592700264455,0.012938888888888889,0.002578480324074074,0.033438942862617824,2.570356912397891,False
q2,1.0,60.0,0.0017466429946738015,0.014030555555555555,0.0029015185185185186,3.683856872031244,6.86403839709355,False
q2,1.0,64.0,0.001249875312468828,0.013302777777777778,0.0025619502314814815,1.2502449192521619,2.3506461979197413,False
q2,1.0,68.0,0.0022478278664649484,0.015022222222222222,0.0034652974537037035,6.999885372573739,14.357539837779596,True
q2,1.0,72.0,0.001996031936510984,0.014844444444444443,0.00317234837962963,6.405415277238387,10.463789696333377,True
q2,1.0,76.0,0.001751507006028024,0.01458611111111111,0.002830859953703704,5.5415759199542105,5.924875856260585,False
q2,1.0,80.0,0.0015015033783826015,0.013847222222222223,0.0027761342592592594,3.070809586216669,5.197486015014943,False
q2,1.0,84.0,0.0014930639166884838,0.01376388888888889,0.0027413217592592593,2.792151729028226,4.734773588878985,False
q2,1.0,88.0,0.0010173245490549393,0.012627777777777778,0.0022566921296296298,-1.0068837239742425,-1.7067101225262808,False
q2,1.0,92.0,0.0017384450419307344,0.014394444444444444,0.002884206018518519,4.900662848420788,6.63392826775844,False
q2,1.0,96.0,0.0022589237426649676,0.0153,0.0035749375,7.928744896535222,15.814827071486395,True
q2,1.0,100.0,0.0012443411746340526,0.012661111111111113,0.002452579861111111,-0.8954205810988595,0.8969433779136465,False
q2,1.0,104.0,0.00026014568158168577,0.011005555555555555,0.0014742523148148147,-6.431423343909305,-12.106555724489121,False
q2,1.0,108.0,0.0012515050060200239,0.012505555555555556,0.002363246527777778,-1.4155819145172925,-0.2904359657554003,False
q2,1.0,112.0,0.0022479320824986826,0.01536111111111111,0.0034592673611111113,8.133093991806748,14.277390501381957,True
q2,1.0,116.0,0.0017452585371344241,0.01396111111111111,0.0029628321759259265,3.451641991040872,7.67899254213486,False
q2,1.0,120.0,0.0004909180166912126,0.011066666666666667,0.0017134618055555557,-6.227074248637774,-8.927088469468803,False
q2,1.0,124.0,0.0007543303664422639,0.012358333333333334,0.002054798611111111,-1.9078774622168786,-4.390189900618301,False
q2,1.0,128.0,0.00025265285497726126,0.011016666666666666,0.0015860439814814817,-6.394268962950846,-10.620670099925658,False
q2,1.0,132.0,0.0010001322674923758,0.012255555555555556,0.002140050925925926,-2.251555486082628,-3.257053658703203,False
q2,1.0,136.0,0.0010000810065615316,0.012216666666666669,0.0020977673611111114,-2.381595819437229,-3.8190681897233754,False
q2,1.0,140.0,0.0010074618188474127,0.012869444444444444,0.002117747685185185,-0.1987759381277544,-3.553498517125966,False
q2,1.0,144.0,0.0012476247624762476,0.013149999999999998,0.002344472222222222,0.7393721810733406,-0.5399757710732878,False
q2,1.0,148.0,0.0012428543073393105,0.012802777777777778,0.002548756944444444,-0.421702223878509,2.175286834081592,False
q2,1.0,152.0,0.0022501255625313908,0.01492777777777778,0.003538592592592592,6.684073134426842,15.331746560630567,True
q2,1.0,156.0,0.0020001280081925242,0.01504722222222222,0.003390144675925926,7.083482729730268,13.358642196518213,True
q2,1.0,160.0,0.001989240698124473,0.015033333333333333,0.0033495000000000005,7.037039753532198,12.81841105519844,True
q2,1.0,164.0,0.0007396449704142012,0.011583333333333334,0.0019669293981481478,-4.499395534069415,-5.558108800805007,False
q2,1.0,168.0,0.0007700205338809035,0.012186111111111111,0.0022419432870370366,-2.4837703670730003,-1.9027452460800642,False
q0,4.0,0.0,0.016966317421419817,0.04455277777777778,0.015850313657407408,-57.686078593807565,-45.62610748745365,False
q0,4.0,4.0,0.02558771897565065,0.062280555555555554,0.022347608796296298,-25.221890192681197,-20.092670870380083,False
q0,4.0,8.0,0.0399415898685772,0.0896138888888889,0.03190897222222223,24.832577664900064,17.482113988544274,False
q0,4.0,12.0,0.06827783200780912,0.13916388888888892,0.04544966087962963,115.5715611652593,70.69507541245217,True
q0,4.0,16.0,0.04443783926598453,0.09830277777777778,0.03464849189814815,40.74420118710678,28.24803280725482,False
q0,4.0,20.0,0.03678649001330426,0.08420833333333332,0.030191665509259263,14.933594489000315,10.733345282461848,False
q0,4.0,24.0,0.037989178523361734,0.0855638888888889,0.030501401620370374,17.41597053722187,11.950563708286179,False
q0,4.0,28.0,0.06357944311261662,0.13241666666666665,0.04357557638888889,103.21563612195993,63.33019255943891,True
q0,4.0,32.0,0.050418034326821015,0.10920833333333334,0.037784922453703705,60.7151199684954,40.57375437018598,True
q0,4.0,36.0,0.0555,0.11815277777777779,0.040461612268518514,77.09473241782585,51.092760859681555,True
q0,4.0,40.0,0.060489060489060484,0.12680277777777776,0.0424574837962963,92.9351402337311,58.93624927462384,True
q0,4.0,44.0,0.06634329711844583,0.135875,0.04448411689814815,109.54874714662343,66.90062625705022,True
q0,4.0,48.0,0.07553063826595664,0.15168055555555557,0.047501151620370365,138.4928449219931,78.75713934513274,True
q0,4.0,52.0,0.13288312781831577,0.238875,0.05935532870370369,298.16863212214304,125.34235253534328,True
q0,4.0,56.0,0.09725791023500947,0.1854694444444445,0.054001327546296295,200.36912002561292,104.3018970414624,True
q0,4.0,60.0,0.11566352429296592,0.21558055555555555,0.05710908796296296,255.51042404758243,116.51494907677113,True
q0,4.0,64.0,0.11173890293472574,0.20866666666666667,0.056596790509259254,242.84928883441987,114.50169367069628,True
q0,4.0,68.0,0.11716732435102267,0.21506666666666666,0.05772819444444444,254.56935935717053,118.94794861984408,True
q0,4.0,72.0,0.12305296884750155,0.22557777777777777,0.05812823148148149,273.81794740321607,120.52003671363107,True
q0,4.0,76.0,0.11183894735578942,0.20801944444444445,0.056851682870370374,241.66405600811734,115.5033840368384,True
q0,4.0,80.0,0.1338946762630216,0.23997777777777776,0.05831609143518518,300.18810607940515,121.25829934727217,True
q0,4.0,84.0,0.11123388692472591,0.20838611111111108,0.0565124525462963,242.33551838181654,114.17025759065145,True
q0,4.0,88.0,0.11199266725478788,0.21016666666666667,0.05711431018518518,245.59618036318957,116.53547165997858,True
q0,4.0,92.0,0.06165378336854235,0.128125,0.04310228819444445,95.35647424797996,61.47023793891925,True
q0,4.0,96.0,0.07753862948374922,0.15645,0.04954097569444444,147.22694261624787,86.77335495362641,True
q0,4.0,100.0,0.04600259775608311,0.10036388888888889,0.035345625,44.51863362108293,30.987665760552076,True
q0,4.0,104.0,0.033290885436749296,0.07653055555555555,0.027525929398148147,0.8735793306309622,0.25738527511950265,False
q0,4.0,108.0,0.033500134000536,0.07658333333333332,0.027490905092592593,0.9702292177543385,0.11974478521669897,False
q0,4.0,112.0,0.04811164704341052,0.10451944444444444,0.036545263888888894,52.12854052300787,35.702074276410166,True
q0,4.0,116.0,0.02891964056803757,0.06762222222222222,0.024501943287037035,-15.43990424856242,-11.626445772791094,False
q0,4.0,120.0,0.04061177437978148,0.09096666666666667,0.03226754166666667,27.309866876957177,18.891240399893835,False
q0,4.0,124.0,0.023597174330711537,0.058202777777777784,0.021355701388888888,-32.68936568200326,-23.990724502798887,False
q0,4.0,128.0,0.017096384876432627,0.04605833333333333,0.016351177083333335,-54.929013392709095,-43.657786168148924,False
q0,4.0,132.0,0.03426328131895443,0.07856666666666666,0.028512532407407407,4.602230239127619,4.134593384745771,False
q0,4.0,136.0,0.022880103288366357,0.05629166666666667,0.020591378472222224,-36.18910896310245,-26.99440377709802,False
q0,4.0,140.0,0.024976251256826745,0.062052777777777776,0.022586648148148147,-25.639010758161042,-19.153280553482873,False
q0,4.0,144.0,0.04236173617361736,0.09354444444444444,0.03283101388888889,32.03045083750955,21.105605295445294,False
q0,4.0,148.0,0.04275776743268676,0.09424999999999999,0.03331268055555556,33.32250722326417,22.99848610830515,False
q0,4.0,152.0,0.08278514569628642,0.1636138888888889,0.050812439814814814,160.3458930842054,91.77002631214992,True
q0,4.0,156.0,0.07021249359959036,0.14252777777777778,0.04627417013888888,121.73171976033352,73.93527836790645,True
q0,4.0,160.0,0.11901365065172885,0.22028333333333333,0.05837123148148149,264.1224376738919,121.47499180883858,True
q0,4.0,164.0,0.08556877147920992,0.16849999999999998,0.051234231481481485,169.29363789736445,93.42760697552194,True
q0,4.0,168.0,0.08192538155793316,0.1631138888888889,0.050590944444444445,159.43026257461548,90.89958132243775,True
q1,4.0,0.0,0.019474381735890577,0.049838888888888884,0.017711680555555553,-92.00358700243807,-66.99575389959331,False
q1,4.0,4.0,0.042036520146272724,0.09295277777777779,0.03264235763888889,-42.63108622917637,-28.077984337491337,False
q1,4.0,8.0,0.08362531315695461,0.16579722222222223,0.05112267592592593,40.78779530410204,20.09215319311283,False
q1,4.0,12.0,0.08348402169912467,0.16416944444444445,0.05050148148148148,38.923721761602756,18.47296994326989,False
q1,4.0,16.0,0.0402945909593121,0.090575,0.031969055555555556,-45.35403324688863,-29.83298949757882,False
q1,4.0,20.0,0.026980568180141825,0.06465000000000001,0.02348077662037037,-75.04242637341727,-51.95823416897656,False
q1,4.0,24.0,0.022702173871191875,0.055622222222222226,0.020375425925925925,-85.38071820468463,-60.05253036608655,False
q1,4.0,28.0,0.03955453609886796,0.08944444444444445,0.031926125,-46.64870548545042,-29.94489075021184,False
q1,4.0,32.0,0.024914200458848366,0.05968611111111111,0.02134768287037037,-80.72689637417875,-57.51828014368507,False
q1,4.0,36.0,0.03575,0.08131666666666666,0.029256440972222218,-55.9563491464622,-36.9035937759881,False
q1,4.0,40.0,0.028993028993028996,0.06876666666666667,0.024922704861111113,-70.32816529835938,-48.199755522293046,False
q1,4.0,44.0,0.032046735343603604,0.07422222222222222,0.02687178587962963,-64.08065601940275,-43.11935056053522,False
q1,4.0,48.0,0.04307482687067177,0.09563333333333332,0.033575400462962965,-39.56140880850778,-25.645948240520116,False
q1,4.0,52.0,0.08252313590841488,0.16281666666666667,0.05036192824074074,37.37456849334822,18.109215450792437,False
q1,4.0,56.0,0.03594100693337335,0.08153888888888888,0.02948785185185185,-55.70186811676947,-36.30040644313483,False
q1,4.0,60.0,0.04084669050536371,0.09144166666666666,0.032239199074074076,-44.361557231086984,-29.128843051726406,False
q1,4.0,64.0,0.042242885560721394,0.09307777777777779,0.03302477314814815,-42.487940649974206,-27.081193730926095,False
q1,4.0,68.0,0.03760789411244365,0.08527222222222222,0.030378773148148148,-51.42658681793152,-33.97816281588951,False
q1,4.0,72.0,0.06069897118353894,0.12635833333333332,0.042225296296296295,-4.376225440616059,-3.099438735359918,False
q1,4.0,76.0,0.05031670126680507,0.10803055555555556,0.03762947337962963,-25.364548364524328,-15.078746587293557,False
q1,4.0,80.0,0.07660817236838784,0.154075,0.048573925925925916,27.363920987810268,13.448672484382433,False
q1,4.0,84.0,0.044118150841214364,0.09698055555555556,0.03441458680555556,-38.01861756599556,-23.458555095627965,False
q1,4.0,88.0,0.07611351990540008,0.15464722222222224,0.04882852546296296,28.019209639269093,14.112302543335748,False
q1,4.0,92.0,0.036529351513987576,0.08291666666666667,0.029967934027777778,-54.1240857326745,-35.04904139188649,False
q1,4.0,96.0,0.06629001685472903,0.13715555555555556,0.045335894675925935,7.9883715895797,5.008535890506647,False
q1,4.0,100.0,0.03140172756783585,0.07375555555555555,0.02675852430555556,-64.6150661817575,-43.41457413381683,False
q1,4.0,104.0,0.018710208226712828,0.048619444444444444,0.01735894791666667,-93.40005165287694,-67.91517419652234,False
q1,4.0,108.0,0.020246580986323946,0.05160833333333333,0.018664879629629632,-89.97728180350964,-64.51117924135269,False
q1,4.0,112.0,0.057995197611006494,0.12210833333333333,0.041444675925925926,-9.243175133489597,-5.134175909032303,False
q1,4.0,116.0,0.031856752480943475,0.07401944444444443,0.026985299768518517,-64.31286995899738,-42.823469312469975,False
q1,4.0,120.0,0.04938352651194872,0.10643333333333332,0.03715560648148148,-27.193630765440876,-16.31391111749586,False
q1,4.0,124.0,0.020883560549359564,0.05273611111111111,0.018905386574074073,-88.68579057781902,-63.88428243086429,False
q1,4.0,128.0,0.020628274267237963,0.052000000000000005,0.018623824074074074,-89.5287589886762,-64.61819318596066,False
q1,4.0,132.0,0.04243686227503587,0.09371666666666667,0.03317572106481482,-41.756307689607596,-26.68773828319757,False
q1,4.0,136.0,0.02592534995334622,0.061516666666666664,0.022133771990740736,-78.63060889208485,-55.469288321606264,False
q1,4.0,140.0,0.01870680810640437,0.04833055555555556,0.017231752314814813,-93.73087699147749,-68.24671770888651,False
q1,4.0,144.0,0.026592659265926594,0.06324444444444445,0.022853243055555555,-76.65201888622383,-53.59394074354371,False
q1,4.0,148.0,0.030346494915573258,0.07086944444444444,0.026037697916666668,-67.92013855489188,-45.29345445119873,False
q1,4.0,152.0,0.08604127151031787,0.16896944444444445,0.051781848379629625,44.42051200296582,21.810328565317608,False
q1,4.0,156.0,0.04346278161802355,0.0946611111111111,0.033473760416666665,-40.67476331341349,-25.910879554616802,False
q1,4.0,160.0,0.06911211256562044,0.14139444444444446,0.04583300810185185,12.842597230968629,6.3042939896492305,False
q1,4.0,164.0,0.044172657840936824,0.09686944444444445,0.03426907638888889,-38.14585808084192,-23.837837350083806,False
q1,4.0,168.0,0.03992298793984733,0.08836944444444444,0.03160698379629629,-47.87975746658903,-30.776752812072193,False
q2,4.0,0.0,0.0015153409517141355,0.014061111111111113,0.002673519675925926,-0.31914508719146695,-3.0087434992774,False
q2,4.0,4.0,0.0007571567133019163,0.012163888888888889,0.002004277777777778,-6.137012379498644,-9.553754600693646,False
q2,4.0,8.0,0.00199700449326011,0.0144,0.003120465277777778,0.7200640045529999,1.3622678404848045,False
q2,4.0,12.0,0.002771399081467731,0.016852777777777776,0.0038522361111111105,8.241552758736352,8.51879560886289,False
q2,4.0,16.0,0.0012159533073929961,0.013530555555555556,0.0025701539351851853,-1.9461035832832274,-4.019633466755945,False
q2,4.0,20.0,0.0022416714610507243,0.015269444444444445,0.003419283564814815,3.3862315923892323,4.284632700448566,False
q2,4.0,24.0,0.0012382367508667657,0.013341666666666667,0.0026154953703703705,-2.5253348803211324,-3.57620606410476,False
q2,4.0,28.0,0.0032696456271208815,0.01715,0.00440547800925926,9.152990240840115,13.929356984604297,True
q2,4.0,32.0,0.0029891937232185226,0.016297222222222223,0.00388490625,6.537931296860178,8.838301040761682,True
q2,4.0,36.0,0.002,0.01471111111111111,0.003204170138888889,1.6740920232036631,2.1808795363912856,False
q2,4.0,40.0,0.0025005025005025005,0.015819444444444445,0.0038047048611111116,5.072816839646657,8.053952388832874,False
q2,4.0,44.0,0.0022723434597414294,0.014880555555555557,0.0033738935185185187,2.1936965690759047,3.840729893817511,False
q2,4.0,48.0,0.003241331033275832,0.01777777777777778,0.0045446851851851855,11.078082492760219,15.290766834096859,True
q2,4.0,52.0,0.004261427202483231,0.01898333333333333,0.005376475694444445,14.774941065031523,23.425460929339216,True
q2,4.0,56.0,0.004518883908196885,0.020358333333333332,0.005589846064814815,18.991404183175085,25.51216746497549,True
q2,4.0,60.0,0.0035232927408666947,0.01754722222222222,0.004554343749999999,10.371079586081587,15.385225077239776,True
q2,4.0,64.0,0.002750125687531422,0.016225,0.003979003472222222,6.316460506816269,9.75854731607863,True
q2,4.0,68.0,0.0035003159035102917,0.017333333333333333,0.004499653935185185,9.715185323259258,14.850372961602922,True
q2,4.0,72.0,0.0047550760812173,0.02094444444444444,0.0059537384259259266,20.788724825454448,29.070939785989932,True
q2,4.0,76.0,0.0027525110100440403,0.01695277777777778,0.004115361111111111,8.548204621874074,11.092089437036998,True
q2,4.0,80.0,0.003754883448487759,0.01908888888888889,0.004920299768518518,15.098629142788013,18.964179429113873,True
q2,4.0,84.0,0.0030006308826430756,0.016722222222222225,0.004281478009259259,7.8412017151954645,12.716669346813928,True
q2,4.0,88.0,0.002583979328165375,0.016038888888888887,0.0037612743055555555,5.7457473170877424,7.6292128902474685,False
q2,4.0,92.0,0.0017224409448818897,0.01440277777777778,0.002895506944444444,0.7285821118623887,-0.8377659486382376,False
q2,4.0,96.0,0.0024888291476547774,0.01577777777777778,0.003634376157407407,4.945045230005946,6.388182119943037,False
q2,4.0,100.0,0.0012573499685787594,0.013041666666666667,0.0025581284722222225,-3.4452904697342723,-4.137239356061516,False
q2,4.0,104.0,0.00026014568158168577,0.011005555555555555,0.0014742523148148147,-9.689063127510494,-14.737265299478308,False
q2,4.0,108.0,0.001001004004016016,0.0123,0.0022863935185185188,-5.7196251213389795,-6.794736284384237,False
q2,4.0,112.0,0.0020136631067116436,0.014797222222222222,0.003179053240740741,1.938153349794473,1.935242827650165,False
q2,4.0,116.0,0.0012562609821221995,0.01251111111111111,0.002440372685185185,-5.072248965826033,-5.288860220723528,False
q2,4.0,120.0,0.0004909180166912126,0.011066666666666667,0.0017134618055555557,-9.50166476670411,-12.397858910257144,False
q2,4.0,124.0,0.0005083884087442806,0.012350000000000002,0.0018711712962962961,-5.566299189770118,-10.855501250712715,False
q2,4.0,128.0,0.0001,0.010480555555555555,0.0012695613425925927,-11.298985408983487,-16.739089586423297,False
q2,4.0,132.0,0.0005058168942842691,0.011800000000000001,0.0018672534722222224,-7.252884437027542,-10.89381654766164,False
q2,4.0,136.0,0.0005045408678102926,0.011541666666666665,0.0018840069444444444,-8.045068416799976,-10.729971961742665,False
q2,4.0,140.0,0.0005001051471071793,0.011908333333333332,0.0018984247685185183,-6.920678251961696,-10.588969405142135,False
q2,4.0,144.0,0.0012476247624762476,0.013149999999999998,0.002344472222222222,-3.1130842846684206,-6.226741719865122,False
q2,4.0,148.0,0.0010011916683832932,0.012352777777777778,0.0021339398148148146,-5.55778108246074,-8.285693718390982,False
q2,4.0,152.0,0.002500500625125156,0.015375,0.0036895162037037035,3.709919670145706,6.927437381964869,False
q2,4.0,156.0,0.0015040962621607782,0.013677777777777778,0.002898334490740741,-1.4946438958860384,-0.8101132838092132,False
q2,4.0,160.0,0.002225519287833828,0.015519444444444445,0.0037180185185185185,4.152861250233516,7.20618258216112,False
q2,4.0,164.0,0.001232741617357002,0.013080555555555555,0.002386471064814815,-3.3260369674029397,-5.816004000401087,False
q2,4.0,168.0,0.0007700205338809035,0.012186111111111111,0.0022419432870370366,-6.068867521023598,-7.2294479474045055,False
