timestamp_utc,ibm_readout_error_q0_q1_q2,readout_error,fire_rate,tcorr,asym,z_fire,z_tcorr,recal_event
2026-09-11T08:58:08.556243+00:00,"(0.0133056640625, 0.0185546875, 0.0029296875)",0.012666666666666675,0.03595,0.012386879629629631,0.05625454069652259,-5.94611748269219,-4.408599068179915,0
2026-09-11T09:30:12.149857+00:00,"(0.0133056640625, 0.0185546875, 0.0029296875)",0.010666666666666673,0.03266388888888889,0.010861479166666667,0.060744666735678673,-13.978230658223962,-11.533184407148006,0
2026-09-11T13:30:05.612514+00:00,"(0.0133056640625, 0.0185546875, 0.0029296875)",0.015000000000000008,0.040233333333333336,0.01410570486111111,0.04311152362045458,4.523467062252846,3.619402326728996,0
2026-09-11T17:30:04.804986+00:00,"(0.010986328125, 0.0228271484375, 0.00537109375)",0.014500000000000008,0.040952777777777775,0.01438296412037037,0.07414165218401039,6.281977047428425,4.91437849959229,1
2026-09-11T21:30:13.945063+00:00,"(0.023193359375, 0.01708984375, 0.0062255859375)",0.013666666666666674,0.038633333333333325,0.013245482638888889,0.046163672469975235,0.6126494890437775,-0.3983797452617512,1
2026-09-12T01:30:06.272368+00:00,"(0.02197265625, 0.013916015625, 0.0029296875)",0.013166666666666674,0.03748055555555556,0.01305446875,0.05834499701006612,-2.2050402555425697,-1.290535467880085,1
2026-09-12T05:30:07.058340+00:00,"(0.02197265625, 0.013916015625, 0.0029296875)",0.010000000000000005,0.03147777777777778,0.010354668981481482,0.0347695354300144,-16.877395768918856,-13.900308649392148,0
2026-09-12T09:30:14.063886+00:00,"(0.02197265625, 0.013916015625, 0.0029296875)",0.010166666666666673,0.030619444444444442,0.010220320601851853,0.045502818639503596,-18.975386446213296,-14.527800589419583,0
2026-09-12T13:30:06.986376+00:00,"(0.0224609375, 0.0169677734375, 0.003662109375)",0.013666666666666676,0.03831111111111111,0.013251217592592594,0.05293057450593591,-0.1749457166719188,-0.3715938827494829,1
2026-09-12T17:30:07.897821+00:00,"(0.0224609375, 0.0169677734375, 0.003662109375)",0.014000000000000007,0.03947777777777777,0.013970447916666665,0.060318396861197596,2.676692097126331,2.987666814134026,0
2026-09-12T21:30:14.607324+00:00,"(0.0172119140625, 0.0164794921875, 0.0028076171875)",0.013500000000000007,0.038174999999999994,0.01326565625,0.05688262083194896,-0.5076367949483909,-0.304156216787735,1
2026-09-13T05:30:08.355313+00:00,"(0.017822265625, 0.01953125, 0.00537109375)",0.02150000000000001,0.05359722222222222,0.019479520833333337,0.05750130916371458,37.188299257927646,28.718523127858973,1
2026-09-13T09:30:07.118960+00:00,"(0.017822265625, 0.01953125, 0.00537109375)",0.05733333333333335,0.12104166666666667,0.040544780092592596,0.2352929895104076,202.04012335083652,127.10661263227668,0
2026-09-13T13:30:14.635208+00:00,"(0.0635986328125, 0.016845703125, 0.0042724609375)",0.025499999999999995,0.061811111111111115,0.022358106481481482,0.10598782161673294,57.26518738983588,42.163339491637785,1
2026-09-13T17:30:14.390211+00:00,"(0.027099609375, 0.025634765625, 0.0057373046875)",0.01600000000000001,0.043269444444444444,0.015446703703703704,0.046861543648405724,11.944514991970687,9.88271542088553,1
2026-09-13T21:30:14.945850+00:00,"(0.027099609375, 0.025634765625, 0.0057373046875)",0.015166666666666676,0.041525000000000006,0.014603614583333332,0.05819517285190311,7.680637498958069,5.944955775286098,0
2026-09-14T01:30:07.193436+00:00,"(0.0194091796875, 0.0267333984375, 0.0045166015625)",0.02500000000000001,0.06064166666666667,0.02191196875,0.09702779366536879,54.406759962195245,40.07959399788109,1
2026-09-14T09:30:07.716729+00:00,"(0.020751953125, 0.0230712890625, 0.0042724609375)",0.017833333333333343,0.045877777777777774,0.016289946759259263,0.06561887713872291,18.3199623899625,13.821194041200236,1
2026-09-14T13:30:14.677103+00:00,"(0.020751953125, 0.0230712890625, 0.0042724609375)",0.011833333333333342,0.03442222222222222,0.011983277777777778,0.05672730404858705,-9.680405095999442,-6.293675090052013,0
2026-09-14T21:30:14.701065+00:00,"(0.0225830078125, 0.0308837890625, 0.00341796875)",0.016333333333333342,0.04364166666666667,0.015508057870370372,0.03681972690032344,12.854323246849185,10.169278200254873,1
2026-09-15T01:30:07.618961+00:00,"(0.0225830078125, 0.0308837890625, 0.00341796875)",0.017000000000000008,0.045063888888888896,0.015900951388888886,0.0430358043797697,16.330605534146123,12.004339529904252,0
2026-09-15T05:30:07.506792+00:00,"(0.029052734375, 0.024169921875, 0.003662109375)",0.01650000000000001,0.04464166666666667,0.01581522685185185,0.042133175101317484,15.298584230104838,11.603951700876356,1
2026-09-15T09:30:08.526744+00:00,"(0.0240478515625, 0.0186767578125, 0.0084228515625)",0.011833333333333342,0.03451666666666666,0.011910725694444443,0.04340637990276951,-9.449558225358643,-6.632539225588086,1
2026-09-15T13:30:19.459020+00:00,"(0.0240478515625, 0.0186767578125, 0.0084228515625)",0.013000000000000006,0.037625000000000006,0.01278651736111111,0.048657546948244056,-1.8519803357389693,-2.5420379966821,0
2026-09-15T16:13:09.642854+00:00,"(0.022216796875, 0.0181884765625, 0.0030517578125)",0.014000000000000007,0.03910833333333333,0.013843228009259259,0.06677415972058408,1.7736734560902192,2.393469349830721,1
2026-09-16T08:12:57.628149+00:00,"(0.022216796875, 0.0181884765625, 0.0030517578125)",0.015000000000000008,0.04162777777777778,0.01468512847222222,0.050320769977289515,7.931853211125994,6.325677213230321,0
2026-09-16T09:30:07.053543+00:00,"(0.0230712890625, 0.029541015625, 0.0037841796875)",0.015500000000000009,0.04203888888888888,0.01455660763888889,0.055914754392917404,8.936716059797748,5.725403601709311,1
2026-09-16T12:12:57.531468+00:00,"(0.0230712890625, 0.029541015625, 0.0037841796875)",0.016166666666666676,0.043269444444444444,0.015563312499999997,0.04298134033748007,11.944514991970687,10.427352282259985,0
2026-09-17T00:12:57.229544+00:00,"(0.0205078125, 0.018798828125, 0.0048828125)",0.01650000000000001,0.04443888888888889,0.015506707175925926,0.07469203425555052,14.802942419611323,10.1629696025653,1
2026-09-17T01:30:06.363230+00:00,"(0.0205078125, 0.018798828125, 0.0048828125)",0.014500000000000008,0.04025555555555556,0.014300085648148149,0.06484843173901522,4.57778397299186,4.527283594059377,0
2026-09-17T04:12:50.983773+00:00,"(0.0244140625, 0.0191650390625, 0.005615234375)",0.023333333333333345,0.057675000000000004,0.02083793171296296,0.06821568051891823,47.155452378536815,35.06316145221415,1
2026-09-17T05:30:07.798104+00:00,"(0.0244140625, 0.0191650390625, 0.005615234375)",0.02550000000000001,0.06191666666666666,0.022160453703703703,0.09114724891646293,57.52319271584618,41.24017595723936,0
2026-09-17T08:12:49.885566+00:00,"(0.0244140625, 0.0191650390625, 0.005615234375)",0.04699999999999999,0.10337222222222221,0.03646551157407407,0.15220576483217027,158.85138969947764,108.05384754769129,0
2026-09-17T09:30:14.001626+00:00,"(0.0244140625, 0.0191650390625, 0.005615234375)",0.024166666666666673,0.05959722222222222,0.02158025578703704,0.08190444429592086,51.85386515746155,38.53028457386202,0
2026-09-17T12:12:57.483302+00:00,"(0.0244140625, 0.01953125, 0.004638671875)",0.01583333333333334,0.04220555555555556,0.015258358796296298,0.0513459350504573,9.344092890340379,9.003025530548394,1
2026-09-18T04:13:00.276501+00:00,"(0.0244140625, 0.01953125, 0.004638671875)",0.015000000000000008,0.041791666666666664,0.01435177662037037,0.065269039130701,8.33244042782622,4.768713141114906,0
2026-09-18T05:30:07.875192+00:00,"(0.0244140625, 0.01953125, 0.004638671875)",0.018833333333333344,0.04850833333333334,0.01719882638888889,0.06325068278986541,24.749726698693365,18.06623699311339,0
2026-09-18T08:12:56.875006+00:00,"(0.024169921875, 0.01708984375, 0.005859375)",0.013833333333333342,0.03807777777777778,0.013365156250000001,0.05704377273115116,-0.7452732794315586,0.160571740518871,1
2026-09-18T09:30:05.621111+00:00,"(0.024169921875, 0.01708984375, 0.005859375)",0.014333333333333342,0.039966666666666664,0.013920938657407405,0.049053905674943825,3.871664133384659,2.756427247065496,0
2026-09-18T12:12:57.480652+00:00,"(0.024169921875, 0.01708984375, 0.005859375)",0.01300000000000001,0.03720555555555556,0.012629997685185185,0.05626794801563822,-2.877212025937867,-3.2730839190071936,0
2026-09-18T20:12:50.067296+00:00,"(0.024169921875, 0.01708984375, 0.005859375)",0.013166666666666674,0.03744722222222222,0.012955729166666666,0.03838376354778667,-2.286515621651099,-1.7517117982097854,0
2026-09-18T21:30:07.244961+00:00,"(0.0257568359375, 0.0155029296875, 0.0045166015625)",0.018166666666666678,0.047822222222222224,0.017259295138888887,0.07561009400444796,23.07269207962628,18.348664316413714,1
2026-09-19T00:12:57.146249+00:00,"(0.0257568359375, 0.0155029296875, 0.0045166015625)",0.014166666666666675,0.03908888888888889,0.013538297453703704,0.04723353268206363,1.7261461591935925,0.969250714617649,0
2026-09-19T01:30:07.537715+00:00,"(0.0257568359375, 0.0155029296875, 0.0045166015625)",0.01700000000000001,0.0447138888888889,0.016100344907407405,0.06239696794242773,15.475114190006655,12.93563342499257,0
2026-09-19T04:13:03.865606+00:00,"(0.024169921875, 0.0223388671875, 0.00732421875)",0.015333333333333343,0.041994444444444445,0.014634247685185184,0.05796021384282865,8.828082238319736,6.088031743623548,1
2026-09-19T05:30:07.602021+00:00,"(0.024169921875, 0.0223388671875, 0.00732421875)",0.013833333333333342,0.03916388888888889,0.013477775462962962,0.06260590945451061,1.9094657329377631,0.686574723370672,0
2026-09-19T08:12:50.201055+00:00,"(0.0224609375, 0.016845703125, 0.00439453125)",0.014000000000000007,0.03859722222222221,0.013563362268518517,0.05605414929142049,0.5243845090928775,1.0863192592322848,1
2026-09-19T09:30:06.786210+00:00,"(0.0224609375, 0.016845703125, 0.00439453125)",0.014000000000000007,0.03966666666666666,0.01393954050925926,0.044424367026132186,3.13838583840796,2.8433096652889382,0
2026-09-19T12:12:57.246956+00:00,"(0.0224609375, 0.016845703125, 0.00439453125)",0.014666666666666675,0.04035555555555556,0.014214466435185183,0.04859884447379305,4.822210071317431,4.1273876950998005,0
2026-09-19T16:12:49.929429+00:00,"(0.024658203125, 0.015625, 0.004150390625)",0.014333333333333344,0.04038888888888889,0.013951831018518518,0.04021871322502098,4.903685437425945,2.9007141201865543,1
2026-09-19T17:30:07.273921+00:00,"(0.024658203125, 0.015625, 0.004150390625)",0.01583333333333334,0.04234166666666666,0.014718741898148148,0.0630895956004585,9.676783968616817,6.482673180754276,0
2026-09-19T20:12:48.722424+00:00,"(0.0233154296875, 0.01953125, 0.00634765625)",0.016166666666666673,0.04369166666666667,0.015605523148148148,0.06485756691071555,12.976536296011972,10.624502717340164,1
2026-09-19T21:30:06.141795+00:00,"(0.0233154296875, 0.01953125, 0.00634765625)",0.014833333333333342,0.04088055555555556,0.014307052083333334,0.054624788965697224,6.105447087526643,4.559821254293749,0
2026-09-20T00:12:56.927464+00:00,"(0.0233154296875, 0.01953125, 0.00634765625)",0.01916666666666668,0.04803888888888889,0.01722964351851852,0.05965907628413246,23.602281959331663,18.210172487614198,0
2026-09-20T01:30:07.174647+00:00,"(0.0244140625, 0.0137939453125, 0.0054931640625)",0.016333333333333342,0.04479722222222223,0.015923564814814814,0.07160148312635108,15.678802605277953,12.109958537323957,1
2026-09-20T04:13:00.853445+00:00,"(0.0244140625, 0.0137939453125, 0.0054931640625)",0.016166666666666676,0.04388611111111111,0.01533032523148148,0.06895280566788087,13.45180926497834,9.33915431867149,0
2026-09-20T05:30:06.261922+00:00,"(0.0244140625, 0.0137939453125, 0.0054931640625)",0.016000000000000007,0.042925000000000005,0.015331454861111113,0.04889975739657914,11.102602875515975,9.344430403800052,0
2026-09-20T08:12:48.752604+00:00,"(0.0244140625, 0.0137939453125, 0.0054931640625)",0.014000000000000007,0.039116666666666675,0.013544412037037037,0.04743771480562699,1.7940422976173813,0.9978096877058977,0
2026-09-20T09:30:05.558289+00:00,"(0.020263671875, 0.019287109375, 0.009521484375)",0.01866666666666668,0.048350000000000004,0.01739553587962963,0.0648859342203451,24.36271870967788,18.984994780196466,1
2026-09-20T12:12:56.979392+00:00,"(0.020263671875, 0.019287109375, 0.009521484375)",0.02000000000000001,0.05088055555555556,0.01813437384259259,0.064991132220201,30.54805692008315,22.435835557164797,0
2026-09-20T13:30:07.323826+00:00,"(0.020263671875, 0.019287109375, 0.009521484375)",0.018333333333333344,0.04814722222222222,0.017169827546296295,0.05782239099776615,23.86707689918436,17.93079404957256,0
2026-09-20T16:12:48.763043+00:00,"(0.020751953125, 0.021728515625, 0.0087890625)",0.014666666666666675,0.040711111111111115,0.014165315972222222,0.056786344393753685,5.691280643141657,3.8978239337585876,1
2026-09-20T17:30:06.081058+00:00,"(0.020751953125, 0.021728515625, 0.0087890625)",0.01650000000000001,0.0441,0.015684501157407407,0.06881371014077065,13.974609530841354,10.993379992869786,0
2026-09-20T20:12:49.099751+00:00,"(0.0208740234375, 0.02294921875, 0.0098876953125)",0.016833333333333343,0.04448888888888889,0.015974366898148146,0.07454650133365809,14.92515546877411,12.347236410835709,1
2026-09-21T00:12:56.986478+00:00,"(0.0208740234375, 0.02294921875, 0.0098876953125)",0.014500000000000008,0.04021111111111111,0.014085814814814815,0.049859089559886965,4.469150151513814,3.526503225362053,0
2026-09-21T01:30:07.353645+00:00,"(0.0208740234375, 0.02294921875, 0.0098876953125)",0.014333333333333342,0.040030555555555555,0.014146187499999999,0.04580552437851103,4.027825251759331,3.808481865193462,0
2026-09-21T04:12:48.717231+00:00,"(0.0198974609375, 0.0184326171875, 0.0050048828125)",0.014166666666666675,0.03950833333333333,0.013843093749999999,0.05021051708055315,2.7513778493924903,2.392842274139207,1
2026-09-21T05:30:08.629319+00:00,"(0.0198974609375, 0.0184326171875, 0.0050048828125)",0.019000000000000013,0.04945,0.017536881944444443,0.05596042659971516,27.051405791259086,19.64517033773129,0
